{"stats":{"minecraft:mined":{"minecraft:short_grass":5,"minecraft:white_bed":1,"minecraft:birch_log":12,"minecraft:crafting_table":3},"minecraft:custom":{"minecraft:time_since_rest":182,"minecraft:crouch_one_cm":207,"minecraft:play_time":11363,"minecraft:sprint_one_cm":40441,"minecraft:deaths":1,"minecraft:damage_taken":240,"minecraft:walk_one_cm":53759,"minecraft:sneak_time":19,"minecraft:walk_under_water_one_cm":995,"minecraft:mob_kills":12,"minecraft:jump":256,"minecraft:damage_dealt":1197,"minecraft:leave_game":1,"minecraft:time_since_death":155,"minecraft:walk_on_water_one_cm":269,"minecraft:sleep_in_bed":1,"minecraft:total_world_time":11363,"minecraft:swim_one_cm":1688,"minecraft:interact_with_crafting_table":5,"minecraft:fall_one_cm":7563,"minecraft:fly_one_cm":22627},"minecraft:used":{"minecraft:rotten_flesh":3,"minecraft:wooden_axe":14,"minecraft:wooden_sword":38,"minecraft:crafting_table":3,"minecraft:white_bed":1},"minecraft:crafted":{"minecraft:wooden_sword":1,"minecraft:white_bed":1,"minecraft:birch_planks":20,"minecraft:crafting_table":1,"minecraft:stick":8,"minecraft:wooden_pickaxe":1,"minecraft:wooden_axe":1},"minecraft:picked_up":{"minecraft:birch_log":12,"minecraft:crafting_table":3,"minecraft:rotten_flesh":3,"minecraft:brown_wool":1,"minecraft:wheat_seeds":2,"minecraft:white_bed":1,"minecraft:mutton":16,"minecraft:white_wool":9},"minecraft:killed":{"minecraft:sheep":10,"minecraft:zombie":2}},"DataVersion":3955}